experiment	commit	metric	status	description
smoke_timeout	ad7afd744d087db73c75742c11fa26dba004a012	-1.000000	error	real smoke timeout: checkpoint audit timed out after 5 seconds
smoke_train_only	ad7afd744d087db73c75742c11fa26dba004a012		trained_pending_audit	real train only smoke
trial	ad7afd744d087db73c75742c11fa26dba004a012	-1.000000	audit_error	unplug_charger_transformer_fm_obs3_dit_v1_retrain_noamp_v1__smoke_train_only__e0001__20260407_233423: checkpoint audit timed out after 5 seconds
smoke_h3	ad7afd744d087db73c75742c11fa26dba004a012		trained_pending_audit	cross attn smoke
baseline_100	d4d7100e7c80c165a3aa2d1ca8073cd7a2768246		trained_pending_audit	baseline 100 epoch screen
trial	d4d7100e7c80c165a3aa2d1ca8073cd7a2768246	-1.000000	collapsed	unplug_charger_transformer_fm_obs3_dit_v1_retrain_noamp_v1__baseline_100__e0100__20260408_002048
baseline_500	e84b13c5424bee841e3e599ea58546d84603b24a		trained_pending_audit	baseline 500 epoch mainline
baseline_500	e84b13c5424bee841e3e599ea58546d84603b24a	-1.000000	audit_error	baseline 500 epoch mainline: checkpoint audit timed out after 1800 seconds
h1_stats_aug_100	c6c9acf3473cc593adc084ac78f4d57717a6ae51		trained_pending_audit	h1 data stats + augmentation
h1_stats_aug_100	c6c9acf3473cc593adc084ac78f4d57717a6ae51	0.550000	measured	h1 data stats + augmentation
h2_dit_dynamics_100	c6c9acf3473cc593adc084ac78f4d57717a6ae51		trained_pending_audit	h2 DiT dynamics: dropout0 + final zero init
h2_dit_dynamics_100	c6c9acf3473cc593adc084ac78f4d57717a6ae51	0.650000	measured	h2 DiT dynamics: dropout0 + final zero init
h1_fixed_stats_aug_100	c6c9acf3473cc593adc084ac78f4d57717a6ae51		trained_pending_audit	h1 retry with fixed SE3 augmentation semantics
h1_fixed_stats_aug_100	c6c9acf3473cc593adc084ac78f4d57717a6ae51	-1.000000	collapsed	h1 retry with fixed SE3 augmentation semantics
smoke_modular_dummy	c6c9acf3473cc593adc084ac78f4d57717a6ae51	-1.000000	train_error	unplug_charger_transformer_fm_obs3_dit_v1_retrain_noamp_v1__smoke_modular_dummy__e0001__20260409_manual: mat1 and mat2 shapes cannot be multiplied (12x256 and 266x512)
smoke_modular_dummy	c6c9acf3473cc593adc084ac78f4d57717a6ae51		trained_pending_audit	unplug_charger_transformer_fm_obs3_dit_v1_retrain_noamp_v1__smoke_modular_dummy__e0001__20260409_manual
dummy_smoke_root_layout	5a54f0f0b8b4ee80a8f764383bc3dbe93dada190		trained_pending_audit	dummy_smoke_root_layout
mdit_env_smoke_1ep	6ef36981264ddb4a76e1a2ef1ca39498d68a5e9d		trained_pending_audit	unplug_charger_mdit_faithful_v1__mdit_env_smoke_1ep__e0001__20260409_171325
mdit_faithful_baseline_100	70fff9ce45800aace3d1eb2f46b153eb5a3fb083		trained_pending_audit	mdit_faithful_baseline_100
mdit_trial	5f7cce35af41f19de3dee99b4b5c665259f2647f	-1.000000	collapse	unplug_charger_mdit_faithful_v1__mdit_faithful_baseline_100__e0100__20260409_183119
cam_front_wrist_100	5f7cce35af41f19de3dee99b4b5c665259f2647f		trained_pending_audit	2-camera subset front+wrist
cam_front_wrist_100	5f7cce35af41f19de3dee99b4b5c665259f2647f	-1.000000	collapse	2-camera subset front+wrist
cam_all5_100	5f7cce35af41f19de3dee99b4b5c665259f2647f		trained_pending_audit	all available cameras
cam_all5_100	5f7cce35af41f19de3dee99b4b5c665259f2647f	-1.000000	collapse	all available cameras
obs3_100	e0ba02860b5604a6c5fc8510020b5b0911b77db4	-1.000000	train_error	increase observation steps to 3: [enforce fail at inline_container.cc:424] . unexpected pos 680599488 vs 680599376
obs3_amp_smoke_1ep_cachefix	5bea2cb6ec31b403bd2b9214414665b0d63f387d	-1.000000	train_error	offline cache smoke: CUDA error: no kernel image is available for execution on the device CUDA kernel errors might be asynchronously reported at some other API call, so the stacktrace below might be incorrect. For debugging consider passing CUDA_LAUNCH_BLOCKING=1. Compile with `TORCH_USE_CUDA_DSA` to enable device-side assertions. 
obs3_amp_smoke_1ep_cachefix	2cb8e08cd8ab7188d71060732bbe1dab6368b68d		trained_pending_audit	offline cache smoke on 5090
obs3_rgb5_flowmatch_pditfirst_smoke	ff525f3d056fc2a4e48c667758535f420e052093	-1.000000	train_error	5RGB obs3 flow-matching mdit smoke aligned to pdit first-action semantics: CUDA out of memory. Tried to allocate 416.00 MiB. GPU 0 has a total capacity of 23.40 GiB of which 48.88 MiB is free. Including non-PyTorch memory, this process has 23.23 GiB memory in use. Of the allocated memory 21.59 GiB is allocated by PyTorch, and 1.06 GiB is reserved by PyTorch but unallocated. If reserved but unallocated memory is large try setting PYTORCH_CUDA_ALLOC_CONF=expandable_segments:True to avoid fragmentation.  See documentation for Memory Management  (https://pytorch.org/docs/stable/notes/cuda.html#environment-variables)
obs3_rgb5_flowmatch_pditfirst_500	ff525f3d056fc2a4e48c667758535f420e052093	-1.000000	train_error	5RGB obs3 flow-matching mdit aligned to pdit first-action semantics: CUDA out of memory. Tried to allocate 416.00 MiB. GPU 0 has a total capacity of 23.40 GiB of which 76.38 MiB is free. Including non-PyTorch memory, this process has 23.23 GiB memory in use. Of the allocated memory 21.59 GiB is allocated by PyTorch, and 1.06 GiB is reserved by PyTorch but unallocated. If reserved but unallocated memory is large try setting PYTORCH_CUDA_ALLOC_CONF=expandable_segments:True to avoid fragmentation.  See documentation for Memory Management  (https://pytorch.org/docs/stable/notes/cuda.html#environment-variables)
obs3_rgb5_flowmatch_pditfirst_500	ff525f3d056fc2a4e48c667758535f420e052093	-1.000000	train_error	5RGB obs3 flow-matching mdit aligned to pdit first-action semantics: CUDA out of memory. Tried to allocate 1.49 GiB. GPU 0 has a total capacity of 23.40 GiB of which 342.38 MiB is free. Including non-PyTorch memory, this process has 22.97 GiB memory in use. Of the allocated memory 21.41 GiB is allocated by PyTorch, and 996.72 MiB is reserved by PyTorch but unallocated. If reserved but unallocated memory is large try setting PYTORCH_CUDA_ALLOC_CONF=expandable_segments:True to avoid fragmentation.  See documentation for Memory Management  (https://pytorch.org/docs/stable/notes/cuda.html#environment-variables)
obs3_rgb5_flowmatch_pditfirst_500	ff525f3d056fc2a4e48c667758535f420e052093	-1.000000	train_error	5RGB obs3 flow-matching mdit aligned to pdit first-action semantics: CUDA out of memory. Tried to allocate 1.08 GiB. GPU 0 has a total capacity of 23.40 GiB of which 1.09 GiB is free. Including non-PyTorch memory, this process has 22.22 GiB memory in use. Of the allocated memory 20.92 GiB is allocated by PyTorch, and 733.00 MiB is reserved by PyTorch but unallocated. If reserved but unallocated memory is large try setting PYTORCH_CUDA_ALLOC_CONF=expandable_segments:True to avoid fragmentation.  See documentation for Memory Management  (https://pytorch.org/docs/stable/notes/cuda.html#environment-variables)
obs3_rgb5_flowmatch_pditfirst_500	ff525f3d056fc2a4e48c667758535f420e052093	-1.000000	train_error	5RGB obs3 flow-matching mdit aligned to pdit first-action semantics: CUDA out of memory. Tried to allocate 140.00 MiB. GPU 0 has a total capacity of 23.40 GiB of which 132.62 MiB is free. Including non-PyTorch memory, this process has 23.18 GiB memory in use. Of the allocated memory 22.18 GiB is allocated by PyTorch, and 430.81 MiB is reserved by PyTorch but unallocated. If reserved but unallocated memory is large try setting PYTORCH_CUDA_ALLOC_CONF=expandable_segments:True to avoid fragmentation.  See documentation for Memory Management  (https://pytorch.org/docs/stable/notes/cuda.html#environment-variables)
obs3_rgb5_flowmatch_pditfirst_500	ff525f3d056fc2a4e48c667758535f420e052093	-1.000000	train_error	5RGB obs3 flow-matching mdit aligned to pdit first-action semantics: CUDA out of memory. Tried to allocate 140.00 MiB. GPU 0 has a total capacity of 23.40 GiB of which 132.62 MiB is free. Including non-PyTorch memory, this process has 23.18 GiB memory in use. Of the allocated memory 22.18 GiB is allocated by PyTorch, and 430.81 MiB is reserved by PyTorch but unallocated. If reserved but unallocated memory is large try setting PYTORCH_CUDA_ALLOC_CONF=expandable_segments:True to avoid fragmentation.  See documentation for Memory Management  (https://pytorch.org/docs/stable/notes/cuda.html#environment-variables)
vram_probe_bs24	105a0507cb24b56fd0dbe62961dfc84ad8b41c35	-1.000000	train_error	VRAM probe for batch_size=24: CUDA out of memory. Tried to allocate 42.00 MiB. GPU 0 has a total capacity of 23.40 GiB of which 36.62 MiB is free. Including non-PyTorch memory, this process has 23.28 GiB memory in use. Of the allocated memory 22.06 GiB is allocated by PyTorch, and 643.78 MiB is reserved by PyTorch but unallocated. If reserved but unallocated memory is large try setting PYTORCH_CUDA_ALLOC_CONF=expandable_segments:True to avoid fragmentation.  See documentation for Memory Management  (https://pytorch.org/docs/stable/notes/cuda.html#environment-variables)
vram_probe_bs20	105a0507cb24b56fd0dbe62961dfc84ad8b41c35	-1.000000	train_error	VRAM probe for batch_size=20: CUDA out of memory. Tried to allocate 18.00 MiB. GPU 0 has a total capacity of 23.40 GiB of which 24.62 MiB is free. Including non-PyTorch memory, this process has 23.29 GiB memory in use. Of the allocated memory 22.16 GiB is allocated by PyTorch, and 560.99 MiB is reserved by PyTorch but unallocated. If reserved but unallocated memory is large try setting PYTORCH_CUDA_ALLOC_CONF=expandable_segments:True to avoid fragmentation.  See documentation for Memory Management  (https://pytorch.org/docs/stable/notes/cuda.html#environment-variables)
vram_probe_bs16	105a0507cb24b56fd0dbe62961dfc84ad8b41c35	-1.000000	train_error	VRAM probe for batch_size=16: CUDA out of memory. Tried to allocate 80.00 MiB. GPU 0 has a total capacity of 23.40 GiB of which 16.62 MiB is free. Including non-PyTorch memory, this process has 23.30 GiB memory in use. Of the allocated memory 22.30 GiB is allocated by PyTorch, and 416.27 MiB is reserved by PyTorch but unallocated. If reserved but unallocated memory is large try setting PYTORCH_CUDA_ALLOC_CONF=expandable_segments:True to avoid fragmentation.  See documentation for Memory Management  (https://pytorch.org/docs/stable/notes/cuda.html#environment-variables)
vram_probe_bs12	105a0507cb24b56fd0dbe62961dfc84ad8b41c35	-1.000000	train_error	VRAM probe for batch_size=12: CUDA out of memory. Tried to allocate 12.00 MiB. GPU 0 has a total capacity of 23.40 GiB of which 18.62 MiB is free. Including non-PyTorch memory, this process has 23.29 GiB memory in use. Of the allocated memory 21.36 GiB is allocated by PyTorch, and 1.33 GiB is reserved by PyTorch but unallocated. If reserved but unallocated memory is large try setting PYTORCH_CUDA_ALLOC_CONF=expandable_segments:True to avoid fragmentation.  See documentation for Memory Management  (https://pytorch.org/docs/stable/notes/cuda.html#environment-variables)
vram_probe_bs8	105a0507cb24b56fd0dbe62961dfc84ad8b41c35		trained_pending_audit	VRAM probe for batch_size=8
rgb5_sep_lastblock_a8_lr1p5e5_100	105a0507cb24b56fd0dbe62961dfc84ad8b41c35	-1.000000	train_error	Branch 2: batch_size=8, lr=1.5e-5: CUDA out of memory. Tried to allocate 20.00 MiB. GPU 0 has a total capacity of 23.40 GiB of which 8.00 MiB is free. Process 896916 has 16.21 GiB memory in use. Including non-PyTorch memory, this process has 3.58 GiB memory in use. Process 897159 has 3.50 GiB memory in use. Of the allocated memory 2.89 GiB is allocated by PyTorch, and 211.46 MiB is reserved by PyTorch but unallocated. If reserved but unallocated memory is large try setting PYTORCH_CUDA_ALLOC_CONF=expandable_segments:True to avoid fragmentation.  See documentation for Memory Management  (https://pytorch.org/docs/stable/notes/cuda.html#environment-variables)
rgb5_sep_lastblock_a8_lr2e5_100	105a0507cb24b56fd0dbe62961dfc84ad8b41c35	-1.000000	train_error	Branch 1: baseline, batch_size=8 (VRAM probe result), lr=2e-5: CUDA out of memory. Tried to allocate 158.00 MiB. GPU 0 has a total capacity of 23.40 GiB of which 90.00 MiB is free. Including non-PyTorch memory, this process has 16.21 GiB memory in use. Process 897031 has 3.50 GiB memory in use. Process 897159 has 3.50 GiB memory in use. Of the allocated memory 14.86 GiB is allocated by PyTorch, and 778.45 MiB is reserved by PyTorch but unallocated. If reserved but unallocated memory is large try setting PYTORCH_CUDA_ALLOC_CONF=expandable_segments:True to avoid fragmentation.  See documentation for Memory Management  (https://pytorch.org/docs/stable/notes/cuda.html#environment-variables)
rgb5_sep_lastblock_a8_dropout0_100	105a0507cb24b56fd0dbe62961dfc84ad8b41c35	-1.000000	train_error	Branch 3: batch_size=8, dropout=0.0: CUDA out of memory. Tried to allocate 20.00 MiB. GPU 0 has a total capacity of 23.40 GiB of which 6.00 MiB is free. Process 896916 has 16.21 GiB memory in use. Process 897031 has 3.58 GiB memory in use. Including non-PyTorch memory, this process has 3.50 GiB memory in use. Of the allocated memory 2.83 GiB is allocated by PyTorch, and 196.82 MiB is reserved by PyTorch but unallocated. If reserved but unallocated memory is large try setting PYTORCH_CUDA_ALLOC_CONF=expandable_segments:True to avoid fragmentation.  See documentation for Memory Management  (https://pytorch.org/docs/stable/notes/cuda.html#environment-variables)
rgb5_sep_lastblock_a8_lr2e5_100	105a0507cb24b56fd0dbe62961dfc84ad8b41c35		trained_pending_audit	5RGB + obs3 + separate encoders + last_block + n_action_steps=8 baseline
rgb5_sep_lastblock_a8_lr2e5_100	105a0507cb24b56fd0dbe62961dfc84ad8b41c35	0.000000	keep	5RGB + obs3 + separate encoders + last_block + n_action_steps=8 baseline
2026-04-13    rgb5_sep_lastblock_a8_lr2e5_100    105a050    success@20=0.0    FAILED    last_block + a8 baseline failed 100ep gate
mdit_trial	28adab6b45f51435fe4f3fa3a1d456d2e628df95		trained_pending_audit	unplug_charger_mdit_rgb5_sep_lastblock_a8_gate100__mdit_trial__e0001__20260413_011931
rgb5_sep_lastblock_a8_lr2e5_100_v2	28adab6b45f51435fe4f3fa3a1d456d2e628df95	-1.000000	train_error	5RGB+obs3+last_block+a8+baseline - output_proj fix: CUDA out of memory. Tried to allocate 14.00 MiB. GPU 0 has a total capacity of 23.40 GiB of which 10.00 MiB is free. Process 1121705 has 6.52 GiB memory in use. Process 1121698 has 6.62 GiB memory in use. Including non-PyTorch memory, this process has 10.16 GiB memory in use. Of the allocated memory 9.07 GiB is allocated by PyTorch, and 510.85 MiB is reserved by PyTorch but unallocated. If reserved but unallocated memory is large try setting PYTORCH_CUDA_ALLOC_CONF=expandable_segments:True to avoid fragmentation.  See documentation for Memory Management  (https://pytorch.org/docs/stable/notes/cuda.html#environment-variables)
rgb5_sep_lastblock_a8_dropout0_100_v2	28adab6b45f51435fe4f3fa3a1d456d2e628df95	-1.000000	train_error	5RGB+obs3+last_block+a8+dropout0 - output_proj fix: CUDA out of memory. Tried to allocate 20.00 MiB. GPU 0 has a total capacity of 23.40 GiB of which 8.00 MiB is free. Including non-PyTorch memory, this process has 6.52 GiB memory in use. Process 1121698 has 6.62 GiB memory in use. Process 1121697 has 10.16 GiB memory in use. Of the allocated memory 5.65 GiB is allocated by PyTorch, and 390.80 MiB is reserved by PyTorch but unallocated. If reserved but unallocated memory is large try setting PYTORCH_CUDA_ALLOC_CONF=expandable_segments:True to avoid fragmentation.  See documentation for Memory Management  (https://pytorch.org/docs/stable/notes/cuda.html#environment-variables)
rgb5_sep_lastblock_a8_lr1p5e5_100_v2	28adab6b45f51435fe4f3fa3a1d456d2e628df95	-1.000000	train_error	5RGB+obs3+last_block+a8+lr1.5e5 - output_proj fix: CUDA out of memory. Tried to allocate 16.00 MiB. GPU 0 has a total capacity of 23.40 GiB of which 8.00 MiB is free. Process 1121705 has 6.52 GiB memory in use. Including non-PyTorch memory, this process has 6.62 GiB memory in use. Process 1121697 has 10.16 GiB memory in use. Of the allocated memory 5.66 GiB is allocated by PyTorch, and 402.66 MiB is reserved by PyTorch but unallocated. If reserved but unallocated memory is large try setting PYTORCH_CUDA_ALLOC_CONF=expandable_segments:True to avoid fragmentation.  See documentation for Memory Management  (https://pytorch.org/docs/stable/notes/cuda.html#environment-variables)
rgb5_sep_lastblock_a8_lr2e5_100_v2	28adab6b45f51435fe4f3fa3a1d456d2e628df95		trained_pending_audit	5RGB+obs3+last_block+a8+baseline - output_proj fix
rgb5_sep_lastblock_a8_lr2e5_100_v2	b1feca59a21bcf513acf519f92239dfbb85a1322	0.200000	keep	5RGB+obs3+last_block+a8+baseline - output_proj fix
2026-04-13\trgb5_sep_lastblock_a8_lr2e5_100_v2\t28adab6\tsuccess@20=0.2\tFAILED\toutput_proj fix, still below 0.45 gate
pcd_pdit_probe_bs64	b1feca59a21bcf513acf519f92239dfbb85a1322	-1.000000	train_error	pcd+pdit vram probe bs64: CUDA error: out of memory Search for `cudaErrorMemoryAllocation' in https://docs.nvidia.com/cuda/cuda-runtime-api/group__CUDART__TYPES.html for more information. CUDA kernel errors might be asynchronously reported at some other API call, so the stacktrace below might be incorrect. For debugging consider passing CUDA_LAUNCH_BLOCKING=1 Compile with `TORCH_USE_CUDA_DSA` to enable device-side assertions. 
pcd_pdit_probe_bs48	b1feca59a21bcf513acf519f92239dfbb85a1322	-1.000000	train_error	pcd+pdit vram probe bs48: CUDA error: out of memory Search for `cudaErrorMemoryAllocation' in https://docs.nvidia.com/cuda/cuda-runtime-api/group__CUDART__TYPES.html for more information. CUDA kernel errors might be asynchronously reported at some other API call, so the stacktrace below might be incorrect. For debugging consider passing CUDA_LAUNCH_BLOCKING=1 Compile with `TORCH_USE_CUDA_DSA` to enable device-side assertions. 
pcd_pdit_probe_bs32	b1feca59a21bcf513acf519f92239dfbb85a1322	-1.000000	train_error	pcd+pdit vram probe bs32: CUDA error: out of memory Search for `cudaErrorMemoryAllocation' in https://docs.nvidia.com/cuda/cuda-runtime-api/group__CUDART__TYPES.html for more information. CUDA kernel errors might be asynchronously reported at some other API call, so the stacktrace below might be incorrect. For debugging consider passing CUDA_LAUNCH_BLOCKING=1 Compile with `TORCH_USE_CUDA_DSA` to enable device-side assertions. 
pcd_pdit_probe_bs24	b1feca59a21bcf513acf519f92239dfbb85a1322	-1.000000	train_error	pcd+pdit vram probe bs24: CUDA error: out of memory Search for `cudaErrorMemoryAllocation' in https://docs.nvidia.com/cuda/cuda-runtime-api/group__CUDART__TYPES.html for more information. CUDA kernel errors might be asynchronously reported at some other API call, so the stacktrace below might be incorrect. For debugging consider passing CUDA_LAUNCH_BLOCKING=1 Compile with `TORCH_USE_CUDA_DSA` to enable device-side assertions. 
pcd_pdit_probe_bs16	b1feca59a21bcf513acf519f92239dfbb85a1322	-1.000000	train_error	pcd+pdit vram probe bs16: CUDA error: out of memory Search for `cudaErrorMemoryAllocation' in https://docs.nvidia.com/cuda/cuda-runtime-api/group__CUDART__TYPES.html for more information. CUDA kernel errors might be asynchronously reported at some other API call, so the stacktrace below might be incorrect. For debugging consider passing CUDA_LAUNCH_BLOCKING=1 Compile with `TORCH_USE_CUDA_DSA` to enable device-side assertions. 
rgb5_sep_lastblock_a8_lr1p5e5_100_v2	5a94ae57af66e2afa58897e7ac06f9b1f9915943		trained_pending_audit	5RGB+obs3+last_block+a8+lr1.5e5 - output_proj fix
rgb5_sep_lastblock_a8_lr1p5e5_100_v2	5a94ae57af66e2afa58897e7ac06f9b1f9915943	0.100000	keep	5RGB+obs3+last_block+a8+lr1.5e5 - output_proj fix
2026-04-13\trgb5_sep_lastblock_a8_lr1p5e5_100_v2\t28adab6\tsuccess@20=0.1\tFAILED\tlr=1.5e-5, output_proj fix
mdit_trial	fc37e7e75c8a3df28f136aa734ded327a12eef36		trained_pending_audit	unplug_charger_mdit_rgb5_pdittoken_lastblock_a8_gate100__mdit_trial__e0001__20260413_171449
mdit_vram_probe	d509a3da6710763a9e71b07af5f43b876d58ea80		trained_pending_audit	VRAM probe bs10
rgb5_pdittoken_lastblock_a8_lr2e5_100	97302de8742fc504c926af8667d1a2e165155747		trained_pending_audit	rgb5 pdittoken last_block a8 100ep bs10
2026-04-14	rgb5_pdittoken_lastblock_a8_lr2e5_100	-	success@20=0.0	FAILED	obs3+a8+separate+AMP pdittoken path failed 100ep gate; mean_steps=198.75, planning_runtime_error=11, valid/loss_grip=0.953
rgb5_shared_lastblock_pdittoken_obs2_a16_lr2e5_100	97302de8742fc504c926af8667d1a2e165155747	-1.000000	train_error	resume rgb5 shared last_block pdittoken obs2 a16 100ep bs20: CUDA out of memory. Tried to allocate 462.00 MiB. GPU 0 has a total capacity of 23.40 GiB of which 158.38 MiB is free. Including non-PyTorch memory, this process has 23.16 GiB memory in use. Of the allocated memory 22.36 GiB is allocated by PyTorch, and 212.60 MiB is reserved by PyTorch but unallocated. If reserved but unallocated memory is large try setting PYTORCH_CUDA_ALLOC_CONF=expandable_segments:True to avoid fragmentation.  See documentation for Memory Management  (https://pytorch.org/docs/stable/notes/cuda.html#environment-variables)
rgb5_shared_lastblock_pdittoken_obs2_a16_lr2e5_100	36e847a31265798760bf22ed5ad5eaac7686c6c3		trained_pending_audit	rgb5 shared last_block pdittoken obs2 a16 100ep bs16
2026-04-14	rgb5_shared_lastblock_pdittoken_obs2_a16_lr2e5_100	-	success@20=0.2	FAILED	obs2+a16+shared pdittoken path failed 100ep gate; mean_steps=188.25, planning_runtime_error=6, valid/loss_grip=0.934, cpu_fallback=true
rgb5_shared_lastblock_pdittoken_obs2_a16_lr2e5_100	36e847a31265798760bf22ed5ad5eaac7686c6c3		trained_pending_audit	mainline semantic-aligned gate100
rgb5_shared_lastblock_pdittoken_obs2_a16_lr2e5_100	36e847a31265798760bf22ed5ad5eaac7686c6c3	0.000000	keep	mainline semantic-aligned gate100
2026-04-15	rgb5_shared_lastblock_pdittoken_obs2_a16_lr2e5_100	-	success@20=0.0	FAILED	mainline semantic-aligned gate100: obs2+a16+shared+pdittoken bs8, 100ep failed; mean_steps=80.0, planning_runtime_error dominant, no cpu_fallback
rgb5_lastblock_faithful_obs2_h100_a24_100	c76219d132a37520370b9e61cb0f244a458d29dc		trained_pending_audit	faithful mainline 100ep gate run bs16
2026-04-15	rgb5_lastblock_faithful_obs2_h100_a24_100	-	success@20=0.0	FAILED	faithful mainline 100ep gate run bs16; mean_steps=80.0, planning_runtime_error=16/20, no cpu_fallback, recipe_drift=true
pcd_mdit_ablation_100	ce4bb17811dc5a11b5cb1a4cb9c62d96a8bb0c54	-1.000000	train_error	ablation: PCD input + MDIT flat AdaLN transformer + MDIT FM beta 50steps: Faithful MDIT mainline training only supports RGB + text + MDIT raw weights. Disable legacy options before training: use_pcd=true.
pcd_mdit_ablation_100	ce4bb17811dc5a11b5cb1a4cb9c62d96a8bb0c54	-1.000000	train_error	ablation: PCD input + MDIT flat AdaLN transformer + MDIT FM beta 50steps: Faithful MDIT mainline training only supports RGB + text + MDIT raw weights. Disable legacy options before training: use_pcd=true.
pcd_mdit_ablation_100	ce4bb17811dc5a11b5cb1a4cb9c62d96a8bb0c54	-1.000000	train_error	ablation: PCD input + MDIT flat AdaLN transformer + MDIT FM beta 50steps: Faithful MDIT mainline training only supports RGB + text + MDIT raw weights. Disable legacy options before training: use_pcd=true.
rgb_text_pdit_ablation_100	02bc489a2807015d9f417606c153aea784645063	-1.000000	train_error	ablation: 5RGB+text + PDIT DiTTrajectory backbone + PDIT FM uniform+exp: Faithful MDIT mainline training only supports RGB + text + MDIT raw weights. Disable legacy options before training: transformer_variant='pdit'.
pcd_mdit_100	ce4bb17	-	BLOCKED	PCD+MDIT-transformer 100ep: validate_mainline_training() rejected use_pcd=true
rgb_text_pdit_100	02bc489	-	BLOCKED	5RGB+text+PDIT-transformer 100ep: validate_mainline_training() rejected transformer_variant=pdit
rgb5_shared_lastblock_pdittoken_obs2_a16_100	36e847a	0.000000	FAILED	pdittoken obs2 a16 100ep, success@20=0.0 below 0.45 gate
pcd_mdit_ablation	aead391fbfb502c93396410a27286df424d1ae61		trained_pending_audit	ablation pcd_mdit: PCD+MDIT-transformer+MDIT-FM bs32 100ep
rgb_text_pdit_ablation	cf29f8b555b5042d71a1b82cabe17aeb61a5bccc		trained_pending_audit	ablation rgb_text_pdit: 5RGB+text+PDIT-backbone+PDIT-FM bs128 100ep
rgb_text_pdit_ablation	cf29f8b555b5042d71a1b82cabe17aeb61a5bccc	0.050000	keep	ablation rgb_text_pdit: 5RGB+text+PDIT-backbone+PDIT-FM bs128 100ep
ablation_anchor_pcd_pdit_orig_bs224_noamp_eval50_100	cf29f8b555b5042d71a1b82cabe17aeb61a5bccc	-1.000000	train_error	strict fair anchor A: original pdit line, pcd+pdit, bs224, no-amp, eval@50/100: CUDA out of memory. Tried to allocate 5.25 GiB. GPU 0 has a total capacity of 23.40 GiB of which 3.26 GiB is free. Including non-PyTorch memory, this process has 19.86 GiB memory in use. Of the allocated memory 13.21 GiB is allocated by PyTorch, and 6.05 GiB is reserved by PyTorch but unallocated. If reserved but unallocated memory is large try setting PYTORCH_CUDA_ALLOC_CONF=expandable_segments:True to avoid fragmentation.  See documentation for Memory Management  (https://pytorch.org/docs/stable/notes/cuda.html#environment-variables)
ablation_anchor_pcd_pdit_orig_bs64_noamp_eval50_100	cf29f8b555b5042d71a1b82cabe17aeb61a5bccc	-1.000000	audit_error	strict fair anchor A: original pdit line, pcd+pdit, bs64, no-amp, eval@50/100: Command '['/home/gjw/.conda/envs/mdit_env/bin/python', '/home/gjw/MyProjects/autodl_unplug_charger_transformer_fm/scripts/eval_all_checkpoints.py', '--ckpt-epochs-dir', '/home/gjw/MyProjects/autodl_unplug_charger_transformer_fm/ckpt/ablation_anchor_pcd_pdit_orig_bs64_noamp/epochs', '--results-json', '/home/gjw/MyProjects/autodl_unplug_charger_transformer_fm/ckpt/ablation_anchor_pcd_pdit_orig_bs64_noamp/audit_raw_results.json', '--strategy', 'fm', '--episodes', '20', '--seed', '1234', '--max-steps', '200', '--heartbeat-every', '50', '--plot-path', '/home/gjw/MyProjects/autodl_unplug_charger_transformer_fm/ckpt/ablation_anchor_pcd_pdit_orig_bs64_noamp/audit_success_rate.png', '--include-special', '--headless', '--show-progress', '--prefer-ema', '--device', 'cuda']' returned non-zero exit status 2.
ablation_anchor_rgb5text_mdit_bs64_noamp_eval50_100	cf29f8b555b5042d71a1b82cabe17aeb61a5bccc		trained_pending_audit	strict fair anchor B: 5rgb+text+mdit(last_block), obs2/h100/a24, bs64, no-amp, eval@50/100
ablation_cross_rgb5text_pdit_adapter_bs128_noamp_eval50_100	17571e6aa72b204b82e8b049d8383c907eed0dc2		trained_pending_audit	strict fair cross D: 5rgb+text+pdit-adapter, obs2/h100/a24, bs128, no-amp, eval@50/100
ablation_rgb5text_pdit_adapter_bs128_noamp_fix_v2	2efceb1362f49297c37e1439f427c807e4061546	-1.000000	train_error	rgb+text+pdit-adapter bs128 noamp eval@50/100 with action-alignment fix and legacy-interface cleanup: 'obs_state'
mdit_rgb_text_3token_100	1927e6c6692b000b9115050069c43396bca0fa40	-1.000000	train_error	MDIT 5RGB+text 3-token fusion 100ep: (MaxRetryError("HTTPSConnectionPool(host='huggingface.co', port=443): Max retries exceeded with url: /timm/vit_base_patch16_clip_224.openai/resolve/main/model.safetensors (Caused by ProxyError('Cannot connect to proxy.', NewConnectionError('<urllib3.connection.HTTPSConnection object at 0x7f46779ea5f0>: Failed to establish a new connection: [Errno 1] Operation not permitted')))"), '(Request ID: 115d6f3f-094d-4b0f-8e76-08fdfa2fc902)')
lane_a_mainline_100	1927e6c6692b000b9115050069c43396bca0fa40	0.550000	measured	Lane A mainline: 5RGB + text + CLIP last-block + PDIT FM/DiT semantics
lane_a_stabilized_100	768929b7d4ea0c6217cf2bf4f7bd6420b87ccde8	-1.000000	train_error	Lane A stabilized audit recipe: mean_first_n + smooth_actions: [enforce fail at inline_container.cc:664] . unexpected pos 2602795840 vs 2602795728
lane_a_stabilized_100	768929b7d4ea0c6217cf2bf4f7bd6420b87ccde8		trained_pending_audit	Lane A stabilized audit recipe: mean_first_n + smooth_actions
lane_a_stabilized_100	768929b7d4ea0c6217cf2bf4f7bd6420b87ccde8	-1.000000	collapsed	Lane A stabilized audit recipe: mean_first_n + smooth_actions
lane_b_faithful_100	768929b7d4ea0c6217cf2bf4f7bd6420b87ccde8	-1.000000	train_error	Lane B faithful challenger: multitask-style concat conditioning + shared audit chain: (MaxRetryError("HTTPSConnectionPool(host='huggingface.co', port=443): Max retries exceeded with url: /timm/vit_base_patch16_clip_224.openai/resolve/main/model.safetensors (Caused by ProxyError('Cannot connect to proxy.', TimeoutError('_ssl.c:1000: The handshake operation timed out')))"), '(Request ID: 4de944c2-7728-468a-83d0-51d3b3f6962e)')
lane_c_mtdp_strict_100	5dc84177ab1921784b31565af9738c047a645beb		trained_pending_audit	Lane C strict MTDP challenger: global conditioning + RoPE + beta timestep sampling
lane_c_mtdp_strict_100	5dc84177ab1921784b31565af9738c047a645beb	-1.000000	collapsed	Lane C strict MTDP challenger: global conditioning + RoPE + beta timestep sampling
lane_a_mainline_500_resume	66dbc7dc37f07655bd0601cf24f10d4c079d6835	-1.000000	collapsed	Fallback to incumbent best RGB+text mainline by resuming epoch_0100 toward 500 epochs
put_books_on_bookshelf_mainline_500	c5b6c7736741e30af3d4659ececfcee6a32b9f0b		trained_pending_audit	Put books on bookshelf MDIT mainline 500 epochs
